title,author,first_publish_year,edition_count
Stationary Stokes and Navier-Stokes Equations with Variable Coefficients,Mirela Kohr,2025,1
God Is Love,Pamela Thayer,2023,1
Hitori Puzzle Book :  : 500 Logic Puzzles,benali mohamed,2022,1
AI Future Possible Development,Johnny Ch LOK,2021,1
Wall Paper,"Sears, Roebuck and Company",2021,2
Birthday Cake Kids Coloring Book,Byron Escobedo,2020,1
Physique-Chimie Tle générale  - Prépabac Cours & entraînement,Nathalie Benguigui,2020,1
Normungsarbeit und Zertifizierung Kompakt,Florian Mai,2019,1
The Device,Maria Siopis,2019,1
Penelope Still Picks Suzie,Christine Bialczak,2019,1
Technologies et génie urbain français,Rêve de scènes urbaines,2018,1
Correlation Between Bacterial Activity and Lime Requirement of Soils,Firman Edward Bear,2018,1
Nong ken gai ge bei jing xia nong mu ye ke chi xu fa zhan mo shi yu zhan lüe yan jiu,Ruibo Wang,2017,1
Nothing Like Love,Abigail Strom,2016,1
You Are So Cute!,Scrap Memories,2015,1
De man die niet begraven wilde worden,Rachida Lamrabet,2011,1
"A Time to Align – Anusara Yoga Prenatal Guide for Teachers, Students, and New Moms",Sue Elkind,2010,1
Production and technology of bio-diesel,Alok Adholeya,2008,1
"Qigong, heterdoxy, and human rights",Kent Kwok Kin Lam,2004,1
Konseki,Shinʼichirō Osaki,2004,1
江苏泌尿外科史志,Zeyu Sun,2002,1
